username,comment_content,nb_upvotes
"sadcapricorn35
","Honestly I think it was really smart! It‚Äôs going to get a ton of Gen Z and younger millennials rooting for especially those that were wishy washy about Biden in regard to his cognitive abilities, age, etc. I think this is her showing that she is very far from that and understands young voters/what we like. I think whether or not they‚Äôll actually vote is another issue that deals more with the fact that many Gen-Zers aren‚Äôt even registered to vote. I hope she keeps this up and further uses her platform to get them to register and to the polls. I think middle aged/older Democrats were on board with her from the very beginning and even before Biden dropped out so she‚Äôs fine with that demographic. It‚Äôs moderates and Republicans that aren‚Äôt pro-Trump that I think she needs to cater to next.",55
"davidparmet
","I love the fact that she's owning this and other memes, like 'coconut tree' and her obsession with Venn Diagrams. Not only for Gen Z but some of. us older folks (Gen X and upwards) love the memes too. Shows she's not taking herself too seriously which will help her when the sexism and racism start coming her way (which they already are). Incidentally, if elected she'll be the first president younger than I am.",29
Tbearbean,"I agree with everything others have said and will add that since her campaign is going to be so short/a sprint to Election Day, tying into a pop culture moment gives the ‚Äúmost bang for the buck‚Äù in terms of getting excitement and momentum fast. She doesn‚Äôt need a campaign design that will last her for 2 years of stumping. She really just needs to win the internet between now and Election Day which is what she is doing",11
gshruff91,"I think it could energise that youthful base who will spread content online and hopefully engage their parents. I guess the plan is to mobilise that youthful base early and hope they would have the staying power because at some point she will need to pivot and mature to an older audience because half of Gen Z aren‚Äôt 18 yet and ‚Äòyoung people don‚Äôt vote‚Äô. I think the black and Hispanic voters will be a more nuanced challenge - Trump/MAGA resonates with some of those groups. Being a prosecutor might work for white middle America and hard on sexual assault will also be important with women (alongside abortion) but this was also during the 90s a period which kicked off mass incarceration and devastated many families and communities, I think she needs a good answer on that to show how her thinking has evolved.",5
purplelikethesky,"I think it‚Äôs a great example of what Hillary tried and failed to do. Hillary never had that personality or lightheartedness that Kamala does, so when she leaned into the memes it came across as cringe. Like others said Kamala hasnt taken herself too seriously but also has a background as a prosecutor so she can be tough when needed. I think it will be an interesting balance.",5
GWBrooks,"::::Everyone is talking about it::::
:::: u/gwbrooks has no idea who Charli XCX / brat is::::
Once again, I feel old. :)",3
"jjtrinva
","As long as it‚Äôs treated like any other PR campaign with multiple levels to the marketing funnel. As someone who is older Gen X I had to look up both references. This will energize younger voters who they need, but it can‚Äôt be done at the expense of the huge swath of older voters who may appreciate the new energy, but will still need to connect with her. That said, I have confidence especially is a few of the organizers from Obama‚Äôs campaign join in as the reporting indicates.",3
sewer_pickles,"It‚Äôs a good way to further position herself as the ‚Äúyouthful‚Äù candidate. I see it as one of many message tracks targeted at specific demographics. For example, it was announced that she has an agreement with Beyonc√© to use one of her songs as her campaign anthem. That allows her to connect with women and African American voters. And all of this won‚Äôt alienate older voters, so there‚Äôs no real harm in it.",2
Leather_Classic9809,"For the initial launch, yes it's funny, but at the same time...
1. Messaging wise: do we want the Democratic presidential candidate to have a feral party girl summer?
2. Trends in PR die quickly... they need to have a backup plan for when this goes south.
3. Media outlets are referring to this as the ""Harris honeymoon phase"" and you can argue that the success this has gotten so far really speaks to that. If another candidate tried launching something similar without her credentials or platform, it would fall flat.
4. It's kinda cringe.",2
"MDEEF2010
","Think they capitalized on Charlie XCX's support tweet. It's a short-term attention grab that's being carried by the popularity of Brat Summer. This will be forgotten about by the end of the day today. Harris is going to have a hell of a battle getting substantial Gen Z support considering Biden/Harris has done little to move the needle with that demographic. Considering the administration has only tried to tank TikTok, not do enough for Palestine or for student debt...I don't see them being taken seriously at all by Gen Z.",2
lycanthrope90,Well I guess I‚Äôm officially old.,1
kiwistateofmind,"i think the only thing she needs to be careful of is acknowledging it too much and making it corny. if her team works behind the scenes and on social, that's how it'll work best. her being sung to by harry daniel was a perfect chefs kiss example of her team working perfectly and seeming like she's not as in on the joke",1
callmesnake13,Ten days from now absolutely nobody will be thinking about this.,1
Big_Frosting_5349,Yall do realize this is for president of the United States? This isn‚Äôt an election for your next ‚Äúcool‚Äù and ‚Äúhip‚Äù chipotle boss. There are other people in the world that want US citizens dead. And yall are happy cus our presidential nominee doesn‚Äôt ‚Äútake herself too seriously‚Äù. Jesus is King and everybody should seek a relationship with Jesus. That is what is really ‚Äúhip‚Äù and ‚Äúcool‚Äù.,1
Nhp0451,It reminds me of Bill Clinton playing the saxophone on MTV. It could work. ,1
"Ambitious_Counter925
","tl;dr It is effective branding precisely because of how nakedly pop culture it is, strategically avoiding any policy related branding, just ""vibes""
Long Answer:
Many if not most Americans don't study propaganda, geopolitics, relationship between money, MIC, donor class, lobbying, and duopoly endless wars, which Kamala Harris has shown to be mute on, either because she is inexperienced, or does not want to be on record for. No other explanation for 20 years of endless wars that has killed millions of mostly brown people in the middle east, trillions of dollars wasted, while stock market skyrockets from 2002-2022, YET most Americans can't afford a $1,000 emergency, have ever increasing cost of living like rent, food etc., can't buy a home, have shitty, bankrupting, or no health care, and tied to your job, paid family leave, AND an ever expanding homeless class, forgotten and swept under the rug.
Its smart because people are easily manipulated. Kamala is a rebranded cypher, you see in her what the media will allow you to see(her track record be damned). She has a glorified donation/merch store with ""how to deploy propaganda effectively"" sections among the usual ""about"" pages and data collection, YET no bullet points on her policies and what she actually believes in, concretely in terms of domestic policy, and foreign policy. Given her frequent flip flopping during the 2020 election in which she won zero delegates and had to drop out before California primary, her home state., its fair question to ask why she doesn't have this, is she waiting to get marching orders now from her former Blackrock and Banking buddies as was recently reported she was meeting with?
Americans are some of the most propagandized people on planet earth, thank you Edward Bernays(your dark art has done great harm in the hands of corporations/govt.)and don't know how propagandized they are as the duopoly siphons more of YOUR wealth for themselves, often through endless money printing, endless wars, donor class bought politicians turning a blind eye to rigged monopoly system of the USA.
Also, I hope you have fun sending 20 billion dollars of your tax payer money to Israel, passed by President ""Uncle Joe"" Biden this week, as Israel continues to bomb Gaza to smithereens, allow polio to spread, wipe out entire families, and tried by international law by ICC and ICJ as plausible genocide, and other documented war crimes that are unspeakable in this sub reddit to go into detail about, reported in ISRAELI MEDIA. American workers get all the blowback of this, and none of the benefit, this ain't the 50's when USA ruled the a world made rubble by WW2, USA IS IN DECLINE because your ""team blue"" and ""team red"" leaders decided to use budget surplus from the 1990s for endless illegal horrific wars, wall street wealth consolidation among a few, and deregulation to make sure you live in an inverted totalitarian state bought off by corporate monopolies, hidden to you if you live in a Disney like fantasy.
Gen Z, you obviously know you where born in an ever increasingly volatile Western world, because of the above, so ""VIBES"" is ALL the politician will give you inside the duopoly, THEY HAVE NOTHING else to offer you as they lead naive and propagandized Americans, on either ""team"", like lambs to the slaughter. Oh and we are at risk of regional war in Middle East right now, that could go nuclear, same for Ukraine proxy war, largest land war since WW2.
But remember Kamala is ""brat"" and really cares about working families ability to make it. ""Build more schools not jails, build more schools not jails"", she said with a mocking tone, on camera.",1
"IlliterateSnob
",Charli XCX hasn't been popular for like a decade and never was that big in the first place! Kamala's campaign and ads are dogshit. US politics are a joke.,-44
kiwistateofmind,cnn talked about it! https://twitter.com/popbase/status/1815500013579260367?s=46&t=RhtV9zO2j-9ZfGGRlm27sA,0
kiwistateofmind,see but i think kamala hasn't been the face or voice of these things and has the opportunity to differentiate herself there,1
miaaaaaa01,"Well that‚Äôs just like‚Ä¶not true. Brat summer is everywhere in pop culture right now so good on her for leaning into the youth vote, especially on TikTok",19
"IlliterateSnob
","Kamala's ads are just ""hey you don't want that other guy to win, right? I'm the only option for you then, send me $5 now."" Until when are these useless politicians going to keep winning? There are serious and qualified guys running in third-parties or independently, but this whole two-party militant group-think shit drowns any real options out.",1
"F_For_You
",Someone‚Äôs not online üòÇ,18
davidparmet,Someone's having a bad day.,7
AnotherPint,"Um ‚Ä¶ her campaign is literally 24 hours old, so it‚Äôs a little early to mock and dismiss everything if you ask me, and these memes are bubbling up, not engineered by HQ from the top down. Her comms people are smart to embrace them or at least not curse them with heavy-handed corporatization. It expands co-ownership of her cause.",5
RagnarokWolves,"She is a politician with skeletons/failures/corrupt deals in her closet like most politicians. At this point though, I'm just voting for her as the politician who isn't gonna steer the USA further into some extremist religion/fascist hellscape where women don't control their own bodies.",18
Agreeable-Cable-9370,I highly doubt anyone in this sub would be voting for the cheeto guy anyways which is also why im tired of the nonstop kamala spamming üò≠ no republicans are streaming track 10 their ears would start bleeding,-5
Agreeable-Cable-9370,memeification of our futures feels so bleak but i get where you're coming from,5
khaneatworld,"Anyone voting for kamala is selfish. Palestinians have suffered way more than jsut one more trump term lmfao. Liberals need to be made sure clear thay they lost and are being punished for their zionist buffoonery. Don't let these moronic liberals fool you with their ""lesser evil"" . They only care about themesleves and the amount of so called communists falling for it today is laughable. Meanwhile this is what palestinians face: https://x.com/SometimesPooh/status/1818059814184104161?t=7VIW3Z3cRKBE6ojlcPgKdA&s=19",3
woodpeckerdreamz,"Genuine question in good faith: what would you consider an effective strategy to be? You say moronic liberals only care about themselves. I believe you‚Äôre entitled to do with or not do with your vote as you please. Third party won‚Äôt win the election, so if Kamala isn‚Äôt elected, Trump will gain back the presidency. Many people believe that Trump will be the same for issues Gaza, certainly no better, if not worse. So what‚Äôs the strategy here? I‚Äôm genuinely curious. I see a lot of people condemning those who want to protect their own rights, but I‚Äôm not seeing them express what actionable steps can be taken moving forward. Or does the entire world need to burn?",3
Agreeable-Cable-9370,"what's driving me insane is that libs will acknowledge kamala is an AIPAC puppet and tell you ""that's just what we have to work with tho!"" clearly genocide it's the red line for libs, obviously it's only issues impacting americans they care abt",1
"Stonkmarketcommie420
",You say that but someone said the other day that the sub is full of ‚Äúsecret conservative gays‚Äù.,2
Agreeable-Cable-9370,JD Vance we know you're in here girl,2
khaneatworld,This retard is worried more about abortion than genocide.,3
Away-Relationship-71,"Nah she's gonna do that for Trump. Is there a rule that only white males can be bad? No, there's not.",2
RagnarokWolves,She is a corrupt politician within normal parameters while Trump is the speedrun to fascism.,1
Away-Relationship-71,"Fascism has been turned into a meaningless word by Atlantic centrist hacks and unhinged democrat partisans. If it just means someone supports a right wing tyrannical police state Kamala Harris is a fascist too, period.",4
RagnarokWolves,Definitely. She is a fascist within normal parameters.,1
Away-Relationship-71,"So is Trump then, he's not that big of a deal it's mostly hype.",2
Away-Relationship-71,And no she is a stone cold psychopath. But she's not a white guy in a cowboy hat spitting chewing tobacco so she can't be that bad. Urban yuppie=good.,2
Agreeable-Cable-9370,"Most sane response I've received to this post. I may even begrudgingly vote for Kamala, but the constant spamming of her is grating given her track record. Just wish we wouldn't pretend she's going to be /that/ much better outside of identity politics and environmental issues",3
Away-Relationship-71,She's not gonna be better on environmental issues.,2
NeverForget2024,First black/South Asian AND female president wouldn‚Äôt be a single accomplishment after the 46 men (45 of which were white) we‚Äôve had up til now? I can‚Äôt with yall today,2
Agreeable-Cable-9370,genocidal WOC üòç i should be grateful you're right,2
NeverForget2024,"She called for a ceasefire in Palestine and has snubbed Israel in skipping their meeting tomorrow, upsetting Netanyahu. You‚Äôre not doing what you think you‚Äôre doing because you don‚Äôt know what you‚Äôre speaking on. Just repeating things you read on various sites, repeated by other people with no idea what they‚Äôre speaking on. Find your safe spaces to nitpick her with likeminded purists because Momala is just getting started, and we‚Äôre only gonna louder in our support of her.",2
Agreeable-Cable-9370,"yet there has still been no ceasefire, it's all smoke and mirrors unless something actually happens. she also plans to have a private meeting with netanyahu, which isn't screaming snub to me. you can support her and still express valid critiques of her if you actually have empathy for palestinians. your aggressive responses aren't a great starting point to sway more ppl to vote for her tho",1
NeverForget2024,"Well, Israel considers it a snub. You got cooked here. You‚Äôre wrong. Give it up. EDIT: Telling me I sound schizophrenia then deleting the comment is straight up bizarre. Hope you‚Äôre hangin in there. Gonna block you now tho, tbh. Not liking your vibe.",2
Agreeable-Cable-9370,"you genuinely come across as schizophrenic, seek help if you're not getting paid for this lmao",2
Dense_Koala_3639,"Wow, let someone be president bc they were born a certain race üòÇ holy shit your brain is full of mush",0
away-Relationship-71,No it wouldn't.,1
beasthowdareyou,Girl not now,23
Icebreaker335,Yeah she‚Äôs quite evil,7
SirMatango,This is so fucking stupid. Get off your high fucking horse and recognize that is either this or Trump for another four years. The fact that you even mention not voting is insane.,30
Agreeable-Cable-9370,"Sorry didn't realize my venting in r/charlixcx would swing the election and destroy ""democracy"" as we know it",-11
I-am-a-visitor-heere,an imperialist woman of colour is still an imperialist. I‚Äôm voting green.,4
PrettyHighway4881,"Then dont vote
",1
missingumissing,"Y‚Äôall are so desperate to ‚Äúboth sides are equally badüò§üò§‚Äù your way right into world war three huh? Fuck off, we‚Äôll win without you.",24
away-Relationship-71,The Democrats are the bigger warmongers.,6
TheSilenceOfNoOne,you don‚Äôt have to peak out on delulu pills and pretend the candidate you‚Äôre voting for is perfect. the communist OP is obviously not voting for trump,3
Agreeable-Cable-9370,"There's nothing wrong with being critical of your political appointees? Did you note where I said vote for her or not at all, I don't prefer Trump but that doesn't mean we should be soft on this woman lol. Hardline adherence to the establishment is what got us into this mess of having candidates nobody really likes in the first place... Do you suggest we ignore all wrongdoings so long as they're done by a Democrat? I just believe in accountability for all politicians",4
missingumissing,"Voting is a train where you get off at the closest stop to your destination, not a taxi where you get personally chauffeured to the door of your choice. Voting is not here to make you feel good or give you a dopamine hit for your moral compass. Get with the program or be culpable of a second Trump presidency.",10
Agreeable-Cable-9370,"This is what I was told in 2020 and that year I voted Biden. Then he sanctioned the murder of 200k+ Palestinians (90% of bombs dropped were U.S. made baby). My friend has lost every member of their family living in Palestine. So please explain to me why I shouldn't be irritated by Kamala being made into some ""woke girlboss"".",5
PrettyHighway4881,"And how will trump be better? Hes told isreal they need to ""finish the job"" and they were taking too long to do so",0
wage89,"This is the problem with American politics. Stop allowing the government to pressure you into a NO CHOICE scenario. Genocide is not a choice. Genocide is not the LESSER OF TWO EVILS. We need to dismantle the the two party system. Vote for Jill Stein, vote for Cornell West. We‚Äôve been in this ‚Äúbut the other guy will DESTROY DEMOCRACY‚Äù conundrum for decades at this point. When are we gonna actually DO SOMETHING ABOUT IT instead of pussying out and voting for the shitty ‚Äúoptions‚Äù we‚Äôre given?!?",3
Agreeable-Cable-9370,"You get it, sadly we seem to be the minority opinion on this sub! I second your suggestion to write in Cornell West or Jill Stein rather than accepting the genocidal monster nominees we've been presented. 'No vote is a vote for Trump' is the most braindead take imaginable üò≠",1
woodpeckerdreamz,"Where has Jill Stein been for the last 4 years? Genuinely, where has she been?",1
prettyHighway4881,Every president supports wars i really dont know how to say that any differently. The difference is do you want trans ppl to be killed? No? Then there is a lesser of two evils. Voting for people who will never win isnt protest its stupidity just stay home if ye not voting blue fr,0
Competitive_Farm_183,I don‚Äôt want a felon running the country üò≠ also reproductive health is essential to society,6
Agreeable-Cable-9370,"I'm AFAB and completely agree, but if Democrats had the power to restore reproductive rights why has it not already been attempted under the Biden admin?",3
RagnarokWolves,Trump appointed 3 Supreme Court Justices so now it's controlled by Republicans and hardcore Trump loyalists. He will likely get the chance to appoint more loyalist Justices if he gets back in office.,7
Agreeable-Cable-9370,"Exactly, which is why Kamala won't be able to either. The oldest justice is 76 and has a very low likelihood of dying in office (though I do pray for Clarence Thomas' demise). Democrats also could have codified abortion in the past and refused to, largely so they could dangle the carrot of reproductive rights in front of us every election cycle as a reason to vote for them.",1
NeverForget2024,"I don‚Äôt think you understand politics at all. You should stop now because you look very naive.

This sort of purity/perfection testing risks hurling us into fascism.

Women and trans people WILL DIE if Trump gets in. What about this don‚Äôt you people understand?

There are no third options this year. Do you get out and vote in local elections every time for your third party candidates? Fundraise them, campaign for them, rally for them? Work to move them from a party that gets less than 1% of the popular vote every time, into something remotely viable? You probably don‚Äôt. Nobody does. They just complain over and over about the two choices they have and do absolutely nothing to facilitate more choices.

Biden did/does not have the support of SCOTUS to ram things through. Trump pushed in too many of his people for Biden to pass things like complete protection of abortion. He has, however, come out HARD in favor of pro-choice policies every time, despite personally being Catholic. Trump, however, would absolutely be able to ram things through.

Checked out Project2025 yet? That‚Äôs Trump‚Äôs guideline for his next presidency. It should shake you to your core.

The self-righteousness is beyond irritating.",2
k-devi,"As Kamala herself said, we exist in the context of all in which we live. The context of this country at this moment is that we have a choice to either vote for a politician‚Äîregardless of how imperfect some of her policies may be‚Äîwho will maintain conditions where we can protest and be heard and move the needle towards progressivism‚Äîor we can stay home and let a dictator take over who will take away not only our right to protest, but also every other right we have. Google Project 2025 if you‚Äôre skeptical; it‚Äôs all there in writing.
I know what I‚Äôm going to do in this moment: https://vote.gov",5
Agreeable-Cable-9370,"Right, Biden's team has notoriously been soft on protesters this past year! /s Lest we mention Kamala's team put out a statement today declaring their full support of Israel.",3
k-devi,"Oh, and that statement you mentioned doesn‚Äôt exist. All indications at this point are that she‚Äôll be tougher in Israel and is more inclined to do some thing about the humanitarian crisis in Gaza, but neither she nor her campaign has said anything so far.",2
Agreeable-Cable-9370,https://archive.ph/2024.07.22-182438/https://www.timesofisrael.com/not-the-bad-cop-biden-officials-say-harris-wont-shift-course-on-supporting-israel/amp/,-1
k-devi,"If you think Trump‚Äîwho defended Kyle Rittenhouse for shooting protesters‚Äîis going to be better, then I don‚Äôt know what to tell you: https://www.aclu.org/publications/trump-on-surveillance-protest-and-free-speech",1
Agreeable-Cable-9370,"Remind me where I said his admin would be better? But if you're so confident in our ability to protest currently take a look at the UCLA encampment counter protests to see what Biden condones (alt-right groups attacking protestors while cops look on and allow it, Biden later condemned the pro-palestine protestors who were beaten and hospitalized)",-1
k-devi,"Biden‚Äôs not running anymore so I don‚Äôt know what your point is. I said what I said, and I‚Äôm not going to keep arguing with you. To whomever else is reading this, just do your research, and then do the right thing.",4
Agreeable-Cable-9370,"Right, his VP and literal endorsement must hold totally different views than him and will appoint a wildly different cabinet. The point is that maybe you shouldn't be shilling out for someone who is simply better than the other candidate. The point is that voting for Kamala will obviously be less detrimental, but that you should still be critical of her actions...",0
ChadWestPaints,"Yeah he didn't do that, tho. None of Rittenhouse's attackers were there as protesters.",-3
MaddenStar10720,"and what are they supposed to do? ‚Äúi support hamas, the registered terrorist organization that rapes and kills women and holds israeli men, women and children hostage, while we share zero values?‚Äù",-1
Agreeable-Cable-9370,maybe not give a rando population billions of dollars to test their weapons and spyware on the people who's land they stole? zionist weirdo,1
MaddenStar10720,"have you picked up a history book? israeli GAVE gaza the land. it was always rightfully theres, they owned it as a puppet state. im not an israeli nationalist, but they defend our ideals in an area that disregards democracy and human, especially women's rights.",0
MaddenStar10720,"it wasn‚Äôt always this way, until gaza was taken over by terrorism in hamas",0
K128kevin,"Anyone who thinks Israel stole its land is oblivious to history and probably educated entirely by Twitter memes, like that fake Israel/Palestine map that was circulating for a while.",0
sadderbaddercooler,No vote for Kamala/any other vote other than Kamala is one vote for Trump. Just vote for Trump ATP. üôÑ,3
Agreeable-Cable-9370,The point of this post wasn't about who you should vote for it was about holding the candidate this sub largely favors accountable (unsure if your obfuscation is intentional or not). More people were freaking out over Charli being loosely associated with someone alt-right than an actual presidential candidate's tangible wrongdoings (forced prison labor and full-fledged support of Israel). It's giving hypocrite imho,1
sadderbaddercooler,Vote for trump then.,1
PrettyHighway4881,If you think trump knows what any of those words mean youre wrong. Thats the other guy running.,1
BPS4D,"I'm not listening to Charli's new album anymore and I was in her top 0.05% listeners.

She has became utterly unrelatable to me and all this fear mongering nonsense about Trump and supporting Kamala in such a vapid, childish way is dumb.

I will be voting for Trump a 3rd time. If that makes me a monster then so be it but Biden and Kamala have destroyed our economy, border, and allowed wars overseas. While I am pro-choice, Trump believes it is up to the states to figure out. Biden could already codify Roe v Wade into legislation but he was using it as bait to get a 2nd term before he dropped out.",2
Agreeable-Cable-9370,"Azealia Banks summed up my thoughts on this pretty well lmao Not a republican myself but I agree with your points against democrats, their continuous promise to codify roe (obama being the most blaring example) and never following through was what enlightened me the most to how they play us all for support year after year then give us nothing
",0
RaveRabbit5000,"Azealia Banks is mentally-unwell racist homophobic transphobic misogynist trump-voting bully and nothing of what she says should be taken seriously.
",4
NeverForget2024,Coming out to agree with know Trump supporter Azealia? Lmao. Tells you all you need to know,3
away-Relationship-71,If you think you can lesser evil vote you're way to anywhere good you might be a brainwashed tool.,2
Agreeable-Cable-9370,"Hard agree, only immediate solutions are large scale workers strikes to halt the economy or full on revolution (only successful if 10% of the population are willing to die for the cause, conditions have to be rlly dire). We're just delaying the inevitable by accepting our current ""democratic"" electoral system, giving the govt more time to build up its military and surveillance lol very bleak",1
AmyKlobushart,"Nobody is under the impression that Harris is some saintly and selfless politician. Given the that fact Harris and the Dems are vastly less damaging than Trump and the GOP, it's logical to support her victory and then spend the next 4 years trying to move her and the Dems in the right direction. But to understand that would require one to be operating in good faith.

People like OP don't care about the implications of an election, they simply view elections as a way to make the pedestal they've hoisted themselves upon taller. OP doesn't care about preventing Gazan deaths, they only care about using their hardline stance to brag about their moral superiority. It's very similar to people on the right who boast about being against abortion but then don't support the policies that reduce the need for abortion such as sex education, free contraception, etc. Sorry OP, but you and your motives are so transparent",1
Agreeable-Cable-9370,"i would maybe take you serious if you posted in more than sports subs üòπ sorry im principled in my beliefs and you're a shill for ppl that would let you starve without batting an eye, maybe try reading theory sometime instead of spazzing over my anonymous opinion online",1
PrettyHighway4881,"Youre not pricipled, being principled is about morality and its morally wrong to want trump to win sorry we all have to make comprimises but politics will never be the ideal you want it to be theyre all evil one is just not going to directly call for the verbatim ""eradication"" of minorities",0
Agreeable-Cable-9370,"where did i say i wanted him to win? it's fine to admit both options suck, there's not much of a lesser evil when it comes to genocide. you're going psycho this is an old thread anyways lol",1
yunus-is-zest,So weird for you to get this much hate for a perfectly sound expression of belief. Fuck the dems and fuck trump.,2
PrettyHighway4881,"Its 3 days old so calm down, trying to say im respinding to an old post to discredit mewhen it hasnt even been a week and also using the word psycho in general is weirdo behavior

2ndly, if you dont vote for kamala youre voting for him If you dont vote youre voting for him If you vote 3rd party youre voting for him So stay home or vote kamala im sorry you dont understand that every single president is pro genocide",0
Agreeable-Cable-9370,sorry you dont have the conscience to care about a better world for all people outside of the united states,0
PrettyHighway4881,I DO and ive been donating money and giving my time to help tbe people of palestine as much as i can but the reality is that every candidate is going to be pro genocide so you have to vote for the best policies on OUR soil and in that election thats never going to be trump or third party bc third party just votes for trump,0
Agreeable-Cable-9370,"you can vote for a genocide enabler if you please, i stated directly in my post to vote for her or not at all. if i said i was palestinian would you still be arguing with me over this? it's a matter of personal ethics and if you care about palestine you should also care about holding her accountable so the same misery doesn't continue rather if she is elected, not trying to minimize her negative qualities. that was the entire point of my post, which is why i am confused why you're arguing so much to save face for her",0
PrettyHighway4881,"Okay so don't vote and also never vote??? Every president will enable war and/or genocide i dont understand how you cant see that. Every president since the history of our foudning has supported war, genocide, violence, colonization, and facism. If you dont like that then dont vote but ill be over here trying to save my basic human rights from being taken away by people like you who would rather watch the world burn from your moral high ground. No wonder other ppl on this post have blocked you",0
PrettyHighway4881,"Do you want trump? Cause it sounds like you just want trump
",0
yunus-is-zest,"Do you not wipe your ass because the toilet paper is in the other room, shrugging ‚ÄúI guess I have no choice‚Äù. Or do you get up and get some fucking TP!!",0
prettyHighway4881,"Sorry its apparently too late to reply to this thread unless you want to be told youre going psycho!! Never vote third party for presidential or you throw yr vote away, use your fucking tp to elect them at local levels to legitimize the party or whatever you were trying to say!",1
yunus-is-zest,I‚Äôd rather not vote than vote for a genocide. Let alone a fucking third party,1
prettyHighway4881,So yr not voting? Both sides are gna fund a genocide,1
yunus-is-zest,Third party.,1
prettyHighway4881,"So worse than not voting, got it",1
Dense_Koala_3639,"People in this sub shouldn't vote fr fr, or at least read a book or something b4 thinking you know shit lmao. People just talking out their asses bc of vibes, and assuming these are grown adults, it's sad",1
Agreeable-Cable-9370,"thankfully some are literal bots (one replied with a recipe when i asked) and given Charli's recent rise i can imagine some are children (i too was this zealous in high school, grew out of it and read theory now) but for those that are real accounts of voting age people ... yeah it's pretty demoralizing lol",1
tfl555,"Im too old to understand what that means, but if it motivates the younger voters to get out the vote, go Brat!",302
Praxistor,i'm too scared to ask what it means...,79
actually-I-am-god,"to answer both of you, brat is the name of an album by the musician Charli XCX, who is very popular with Gen Z. around the beginning of Kamala‚Äôs campaign, Charli XCX tweeted out ‚ÄúKamala is brat‚Äù. Charli XCX explained brat on social media: ‚ÄúYou‚Äôre just like that girl who is a little messy and likes to party and maybe says some dumb things sometimes. Who feels like herself but maybe also has a breakdown. But kind of like parties through it, is very honest, very blunt. A little bit volatile. Like, does dumb things. But it‚Äôs brat. You‚Äôre brat. That‚Äôs brat.‚Äù Charli XCX calling Kamala ‚Äúbrat‚Äù is a way of endorsing her in the eyes of Gen Z and cementing her as the cooler, younger candidate who isn‚Äôt perfect but is aware of that, and likes to have fun. edit: misspelled Charli‚Äôs name",224
airhostessnthe60s,So she's a real person. Got it! No wonder the Q factor is off the charts with her.,90
Awkward_Potential_,John Lovett from Pod Save America also said that the fact that she wasn't actually running for president is helping her. People hate when a woman is seen as ambitious. It's misogynist but it helps this time so good I guess?,41
monsieurxander,"That's definitely a factor, but I think a bigger one is skipping primary season where candidates attack each other for a full year and then have just a couple of months to unify.",46
lucolaptic,It‚Äôs such a bad system. We need shorter election cycles badly.,18
OGMom2022,After this I couldn‚Äôt agree more. Three months is plenty of time.,6
sambull,also a hard cap on spend adjusted to minimum wage,5
500CatsTypingStuff,This is exactly it.,7
bwilly1714,"We teach girls to shrink themselves, to make themselves smaller. We say to girls: you can have ambition but not too much. You should aim to be successful, but not too successful, otherwise, you will threaten the man. üëëüêù",25
_beeeees,"Funny how as kids they told us girls ‚Äúmature faster‚Äùand then as adults we magically somehow become ‚Äútoo emotional""",10
ThenExtension9196,The ‚Äúreluctant leader‚Äù theme is pure gold for an election. Everyone knows and can relate to that feeling when you have to focus and step up and get to it because your name got called.,9
airhostessnthe60s,"Take people like him with all grains of salt. Just bc he is sometimes right about some stuff doesn't make him insightful about other stuff - even if the correlation seems to be true.

It's a thing for me though and further proof we are nowhere near ever being in a democracy.",3
omegadirectory,"Didn't she try to run in 2020, though?

I agree in 2024, she has the whole thing about ""the ones who can best exercise power are not those seeking power but the ones where power is thrust upon them"".",1
yamthepowerful,"I hadn‚Äôt thought of this, but it‚Äôs so true.",1
TonyzTone,"Not for nothing, but based on how Charli XCX (no ""e"" at the end of Charli) defines it, Kamala is definitely does not sound ""brat.""

But if it Gen Zers thinks so, then what do I know.",17
actually-I-am-god,"i think the point is that in comparison to the opponent (who, in the eyes of GenZ is very much the more hard-ass, angry, and miserable of the options), she looks like the fun-loving aunt drinking wine and avoiding drama. she‚Äôs definitely not the picture of ‚Äúbrat‚Äù, but she‚Äôs far closer to it than anyone else running.",11
OrangeZig,"It‚Äôs more an aesthetic and she‚Äôs being a bit ironic about Kamala, in a positive playful way. It‚Äôs like saying she‚Äôs cool. Watch her music videos to understand. It‚Äôs not a literal definition.",18
TRANSBIANGODDES,"It‚Äôs not a literal hard definition. It‚Äôs meant to have a positive connotation
",8
Praxistor,sounds like gen x,12
iamaravis,"With that description, it sure sounds like an insult.",1
Dana07620,"I've seen that explanation before. And I still fail to understand how that's a compliment or a positive. Even though I know it's supposed to be.

Now if he had said, ""It's someone who's stubborn and opinionated and speaks their minds on the right things and sticks with their principles even when it annoys people who wished they'd shut their mouth,"" that I would see as a compliment.

But messy, likes to party, says and does dumb things, volatile, has breakdowns but is honest and blunt...the bad outweighs the good there. Especially since it sounds liked they'd use being honest and blunt to cover when they're being an asshole who just said / did something dumb and is having a breakdown being called out on it.

And I say that as someone who had no problem understanding when ""You look bad"" went from being an insult to a compliment.",-1
Nosretepm,"Just a gentle correction, Charli xcx is a female singer. Doesn‚Äôt change the definition but it becomes slightly more palpable, lol",4
logosfabula,Jesus‚Ä¶ alright‚Ä¶ good then.,1
SJRuggs03,I'm gen Z and understood none of this,1
enigmaticalso,Sounds like a long deffinition,1
feastu,"We need to add this to and upvote this in Urban Dictionary, because right now it points toward being BDSM-submissive who antagonizes the dom for punishment.",1
bubs713,"I looked it up and it‚Äôs not bad haha:

In modern pop culture, the word brat refers to someone who is confidently rebellious, unapologetically bold, and playfully defiant. This new definition celebrates individuality and a carefree attitude, often with a hint of sass and a love for fun. Being labeled ‚Äúa brat‚Äù or ‚Äúbratty‚Äù in this context is more of a compliment, recognizing a person‚Äôs ability to challenge norms and express themselves freely without concern for conventional expectations.",40
OrangeZig,Yeah this is a better explanation,6
McTootyBooty,Brat is the new queen üë∏,1
i-love-elephants,You don't get the essence of brat summer.,9
unipole,"Don't worry, for us older folk the ""Walz is grilling brats"" meme is coming.",6
RedditMapz,"Brat basically means : you are that messy party girl, but you are the it girl.

These answers are painful to read. Even Gen Z doesn't know what it means... As pop head gay millennial here it goes:

In the 2010s millennials gave rise to a subgenre of music called Brat Pop. The sound is high energy with a tipsy girl sound (Usually fast with some talk-singing or shout-singing). You could say Kesha invented it. A lot of independent artists at the time created a lot of brat pop songs. I don't Care is pretty much the brat pop sound.

Charlie XCX has long been branded as the quintessential Brat Pop artist. With this album she owned the term Brat, but also brought it to the mainstream. Being underground most people don't know what it means. Now it is used as slang to evoke the ethos of the Brat Pop energy of a person. Of course most people know fuck all about pop music or Charlie XCX decade long music history",5
ozymandiasjuice,If I got one of these signs for my MAGA parents I wonder if they would put it on their lawn thinking it‚Äôs an insult‚Ä¶,5
juggernautsong,"My 74 year old mother had to explain this to me lol. She‚Äôs all hip on any Kamala trend.
",4
thedrew,"Unclear if young Democrat or ESL Republican. But in either case, I'm glad they know how to laminate.",2
Square_Medicine_9171,Gen Z for Harris!,3
geographyRyan_YT,I'm a teen and feel like this,2
Yellwsub,"This is a reference to Charli XCX‚Äôs album, brat. Kamala has referenced it a few times in her social media. For a great in depth analysis of the album, especially in the context of pop music this summer, I recommend this podcast.",28
tasata,"What does brat mean in this context (kind of afraid to ask as I don't want to see unhip, but I keep seeing it and don't know what it means)",71
BrightNeonGirl,"""brat"" just means an authentic (including imperfect) woman who gets shit done.",115
tasata,"Hmmm...ok. I'm just as unhip as I thought, sadly.
",57
jazzysmaxashmone,"Trends move so fast that if you're out there touching grass, you'll miss a lot of them. But yah they make me feel old too üëµ",25
1989_Sunrise,:( its okay! also fyi saying 'hip' died out a while ago,4
tasata,"Yeah, that‚Äôs why I use it",4
1989_Sunrise,honestly i love that lol,3
Dana07620,"That I would get behind. Unfortunately, the getting shit done isn't part of the original explanation.",2
SwoleBuddha,"This is how Charlie XCX described it. I think it's dumb, but I'm arguably old and objectively unhip.",29
tasata,I must be as well.,7
jurrastic_junkie,"Goddamn that is stupid lol
It‚Äôs another ‚ÄúI speak my mind‚Äù bullshit to be an in sufferable asshole to people.",-10
Missfreeland,It‚Äôs just a vibe from her newest album BRAT she‚Äôs a club party girl that makes fun music enjoyed by club goers and gay dudes. This album broke through the periphery of pop this summer and became a new trend. It‚Äôs just fun. I‚Äôve been enjoying it with my wife and our friends,15
AbsurdJoseph776,Sounds like this junkie is stuck in the jurassic era,3
jurrastic_junkie,Apparently,1
vicegrip,"Even Google doesn't know what it means other than ""misbehaving annoying child"".",18
i-love-elephants,Use urban dictionary,2
Iampopcorn_420,This Xennial thanks you for asking the hard questions.  I too have no clue.,15
wenchette,"Brat is someone confidently rebellious, unapologetically bold, and playfully defiant. Brat celebrates individuality and a carefree attitude, often with a hint of sass and a love for fun.",4
whatsittoya1982,Haha. I read the new definition as soon as this went viral and I don't really get it either.,2
rhodeislandah,"Same, I'm GenX, and if I saw this sign somewhere, I'd think that person is not a fan. Yikes.",2
BoxSenior2948,A poorly behaved child,1
tasata,Not the meaning in this case,0
[deleted],"What, like bratwurst? I don't get it.",24
RocketRaccoon666,"Harris is Brat

Trump is Wurst",70
[deleted],Bingo!!!! We have a winner üëèüëèüëèüëèüëè,15
10thcrusader,It Means She's BadAss,16
Runes_the_cat,"I get what it means now, but my mind always goes to BDSM. And in my wildest fantasies, Kamala is absolutely not the brat.",15
Spirited-Egg_2683,Yeah she doms for sure,14
oinkpiggyoink,But what about Walz? ü´£,4
Runes_the_cat,You know what? I need to get my mind out of gutter because I think he's the brat üò≠,8
oinkpiggyoink,Honestly I had the same thought and it is hilarious and weirdly endearing.,5
500CatsTypingStuff,So only Gen Z sees this sign and realizes it‚Äôs a compliment?,12
Square_Medicine_9171,"well, and those of us paying attention to Gen Z and tiktok. Gen Z speaking endorsing to Gen Z is a wonderful thing. I think Gen Z is going to decide the election!",7
500CatsTypingStuff,They might if they show up,-1
Square_Medicine_9171,We gotta help spread the word in Gen Z ‚Äî help folks get registered and make plan to get to the polls,2
BubbhaJebus,In Gen X it means she's a whiny kid.,-1
500CatsTypingStuff,In Gen every Gen other than Z it means that,0
RCsSnaps,"EDIT: catching up on the comments, and I apologize. I posted this thinking that it had gotten around that ""brat"" was a good thing. I should have explained it.",8
Eatpraylove75,I want one,7
TheArcaneAuthor,"I don't have signs, but my wife and I started a website selling shirts with that and other designs to raise money for the campaign. Not sure if it's within sub rules to post it here",3
Eatpraylove75,"Oh wow, I would love to buy some merch soon. Please direct message me.
",1
kontenjer,reading this while brat in my language means brother is so funny,6
Key648934,There‚Äôs something wonderful in the simplicity of these signs. Just wonderful. Signed: a minimalist,6
ratherbeaona_beach,"This is great if you know what it means. But wondering if people ‚Äúout of the loop‚Äù will see this as a negative. Brat (in my day) is a spoiled, entitled and immature kid.",5
RCsSnaps,"There is another one just past their walkway (same color and font) that just says, ""Harris 2024""",6
ratherbeaona_beach,Nice!,1
UsualGrapefruit8109,Nice to have a new color style for a change. Don't normally seen that kind of green on campaign material.,4
[deleted],This is awesome,4
Ilovebeingdad,I‚Äôm amused that DJT is trying to suddenly become brat with Barton‚Äôs help lol. Epic fail incoming,4
KudosOfTheFrood,Yaaaasssss,3
i-love-elephants,These comments are so beautiful.,3
kat_Folland,I've always had a weakness for brats,3
[deleted],"Damn, she's gonna run away with Wisconsin",3
Jaschelle718,Love it,3
phds2two,Trump is a rat!,3
auldnate,Trump is a fat orange rat!!,1
Rabies_on_demanda,"(B)rilliant, (R)eliable, (A)attentive and (T)urn around [pssst.. she's right behind you]",3
Pacifix18,Is this a thing?,1
Ashamed-Distance-129,Ith thith thome kind of thlur? What ith it trying to thay?,2
Mnudge,"I like to picture Kamala in a tuxedo T-shirt. ‚ÄòCause it says like, I wanna be formal but I‚Äôm here to party too. I like to party, so I like my Kamala to party.",2
oldermoose,https://www.bbc.com/news/articles/cqqlgq7k374o,2
Indigoh,"I just realized part of the reason they're losing ground to Kamala is that all they have is hate, and how do you hate someone you don't know much about? Now they gotta build that hate in just 3 months, and it's so forced.",2
LadtLeviathan554,YAY!! i made one for my yard too but it just says ‚Äúkamala‚Äù üíö,2
PrinceofSneks,"It's what they wished ""Let's Go Brandon"" did, but positive.",2
altapowpow,"Yet Trump whines and complains about everything. Also, never once has he not blamed others for things he was in control of.",1
oinkpiggyoink,Different kinda brat - this sign is a compliment to Harris,3
altapowpow,The kind of brat we need in the White House.,3
Soithascometothistoo,"Whenever I hear Republicans saying stuff like this I ask why? What has this Democrat done or said that makes them terrible. They never have any answer. They ask me what have Republicans done that's so bad and I have a few things always ready like voting no for more COVID relief after Biden was elected, voting no to address the formula shortage, inflation reduction, infrastructure building, literally just voting no for anything that would help the average American person",1
brbnow,BRAT is a positive thing this is a pro Harris sign,8
coconutyum,The word 'brat' has been redefined by the youngsters. This is a pro Kamala sign.,4
Soithascometothistoo,That's so dumb but fine.,1
Zealousideal_Curve10,"Ergo, qualified for the job",1
Necessary-Peace9672,Donald is worst...,1
Fisher_mom,I need this sign!,1
Not_A_Rachmaninoff,I think it's about the kamala hq background on twitter lol,1
Far_Out_6and_2,Dang this is good i would vote for Brat,1
marcnotmark925,BestRepresentative At (the) Table,1
straightpunch43,-Wust,1
TrinityCodex,Kamabrat,1
GlitteringBobcat999,She will do very well in Jognsonville,1
[deleted],"Some of us consider ""brat"" a complement",1
RCsSnaps,This is a compliment,3
thescientus,I need this sign and I need it now.,1
Techn028,Blyat,-1
ocalabull,Republicans are weird,-1
RCsSnaps,"This is not a republican thing. ""Brat"" is a good thing.",3
ocalabull,Pardon my ignorance üòÇ,1
Pacifix18,Seriously?,1
RCsSnaps,yep,1
Cntrysky78,Seems more another unintelligent person who has a limited vocabulary üôÑ,-6
brbnow,BRAT is a positive thing this is a pro Harris sign,10
Cntrysky78,"Oh? I had never heard of brat used in a positive way. Heh. I'll be sure to call my son a brat with open arms while going for a hug when I get home. üòâ Maybe I'm just getting old.

The English language is really turning into something else over the decades. Eventually we will have a Brawndo brand out there and no one will be able to explain what electrolytes are. üòè",1
coconutyum,"Some musician popular with the kids right now 'redefined' the word. It seems to mean an authentic but imperfect person, owning their life and not apologizing for who they are.",4
Cntrysky78,"I like it! No one's perfect. I do tell my son that when he gets frustrated. As time goes by, I can see that he had greatly improved in what he's been trying to accomplish. I told him yesterday that he's showing a lot more confidence.

üèÖPeople don't understand the lows it takes to reach great heights.üèÖ",1
brbnow,Well I think is for a woman. comes from a very popular pop music star Charl XCX and her recent music album .... but I am not a pro about that !,3
Cntrysky78,Never heard of her. I just listened to 360 as a quick search and definitely never heard that song before.,1